{"multiply": [], "multiply.multiply_xy": [], "multiply.multiply_rxy_z": [], "multiply.multiply": [], "multiply.multiply_xy.<RETURN>": ["multiply.multiply_xy.rxy"], "multiply.multiply_xy.x": ["multiply.multiply.x"], "multiply.multiply_xy.y": ["multiply.multiply.y"], "multiply.multiply_xy.rxy": ["multiply.multiply_xy.rxy"], "multiply.multiply_xy.i": [], "multiply.multiply_rxy_z.<RETURN>": ["multiply.multiply_rxy_z.rxyz"], "multiply.multiply_rxy_z.rxy": ["multiply.multiply.rxy"], "multiply.multiply_rxy_z.z": ["multiply.multiply.z"], "multiply.multiply_rxy_z.rxyz": ["multiply.multiply_rxy_z.rxyz"], "multiply.multiply_rxy_z.j": [], "multiply.multiply.<RETURN>": ["multiply.multiply.rxyz"], "multiply.multiply.x": [], "multiply.multiply.y": [], "multiply.multiply.z": [], "multiply.multiply.rxy": ["multiply.multiply_xy.<RETURN>"], "multiply.multiply.rxyz": ["multiply.multiply_rxy_z.<RETURN>"]}