{"passed": {"1": {"inp": [[5, 2, 0, 4, 1, 3]], "icnt": {"merge": [{"name": 1, "value": 0}, {"name": 2, "value": 0}, {"name": 3, "value": 0}, {"name": 8, "value": 0}], "mergesort": [{"name": 4, "value": 0}, {"name": 5, "value": 0}, {"name": 6, "value": 0}, {"name": 7, "value": 0}, {"name": 9, "value": 0}]}}, "2": {"inp": [[3, 1, 10, -5, 7, 2]], "icnt": {"merge": [{"name": 1, "value": 0}, {"name": 2, "value": 0}, {"name": 3, "value": 0}, {"name": 8, "value": 0}], "mergesort": [{"name": 4, "value": 0}, {"name": 5, "value": 0}, {"name": 6, "value": 0}, {"name": 7, "value": 0}, {"name": 9, "value": 0}]}}, "3": {"inp": [[0, 0, 0, 0, 0]], "icnt": {"merge": [{"name": 1, "value": 0}, {"name": 2, "value": 0}, {"name": 3, "value": 0}, {"name": 8, "value": 0}], "mergesort": [{"name": 4, "value": 0}, {"name": 5, "value": 0}, {"name": 6, "value": 0}, {"name": 7, "value": 0}, {"name": 9, "value": 0}]}}, "4": {"inp": [[2, 2, 2, 2, 2, 2]], "icnt": {"merge": [{"name": 1, "value": 0}, {"name": 2, "value": 0}, {"name": 3, "value": 0}, {"name": 8, "value": 0}], "mergesort": [{"name": 4, "value": 0}, {"name": 5, "value": 0}, {"name": 6, "value": 0}, {"name": 7, "value": 0}, {"name": 9, "value": 0}]}}, "5": {"inp": [[-1, 1, -1, 1, -1, 1]], "icnt": {"merge": [{"name": 1, "value": 0}, {"name": 2, "value": 0}, {"name": 3, "value": 0}, {"name": 8, "value": 0}], "mergesort": [{"name": 4, "value": 0}, {"name": 5, "value": 0}, {"name": 6, "value": 0}, {"name": 7, "value": 0}, {"name": 9, "value": 0}]}}, "6": {"inp": [[9, 4, 5, 8, 1, 6, 7, 0]], "icnt": {"merge": [{"name": 1, "value": 0}, {"name": 2, "value": 0}, {"name": 3, "value": 0}, {"name": 8, "value": 0}], "mergesort": [{"name": 4, "value": 0}, {"name": 5, "value": 0}, {"name": 6, "value": 0}, {"name": 7, "value": 0}, {"name": 9, "value": 0}]}}, "7": {"inp": [[34, 23, 56, 90, 45, 12, 78, 89]], "icnt": {"merge": [{"name": 1, "value": 0}, {"name": 2, "value": 0}, {"name": 3, "value": 0}, {"name": 8, "value": 0}], "mergesort": [{"name": 4, "value": 0}, {"name": 5, "value": 0}, {"name": 6, "value": 0}, {"name": 7, "value": 0}, {"name": 9, "value": 0}]}}, "8": {"inp": [[8, 7, 6, 9, 6, 7, 9, 8]], "icnt": {"merge": [{"name": 1, "value": 0}, {"name": 2, "value": 0}, {"name": 3, "value": 0}, {"name": 8, "value": 0}], "mergesort": [{"name": 4, "value": 0}, {"name": 5, "value": 0}, {"name": 6, "value": 0}, {"name": 7, "value": 0}, {"name": 9, "value": 0}]}}, "9": {"inp": [[1, 8, 3, 4, 7, 5, 6, 2]], "icnt": {"merge": [{"name": 1, "value": 0}, {"name": 2, "value": 0}, {"name": 3, "value": 0}, {"name": 8, "value": 0}], "mergesort": [{"name": 4, "value": 0}, {"name": 5, "value": 0}, {"name": 6, "value": 0}, {"name": 7, "value": 0}, {"name": 9, "value": 0}]}}, "10": {"inp": [[8, 5, 2, 9, 6, 7, 3, 15]], "icnt": {"merge": [{"name": 1, "value": 0}, {"name": 2, "value": 0}, {"name": 3, "value": 0}, {"name": 8, "value": 0}], "mergesort": [{"name": 4, "value": 0}, {"name": 5, "value": 0}, {"name": 6, "value": 0}, {"name": 7, "value": 0}, {"name": 9, "value": 0}]}}, "11": {"inp": [[67, 12, 42, 34, 23, 89]], "icnt": {"merge": [{"name": 1, "value": 0}, {"name": 2, "value": 0}, {"name": 3, "value": 0}, {"name": 8, "value": 0}], "mergesort": [{"name": 4, "value": 0}, {"name": 5, "value": 0}, {"name": 6, "value": 0}, {"name": 7, "value": 0}, {"name": 9, "value": 0}]}}, "12": {"inp": [[5, 2, 4, 1, 6, 3]], "icnt": {"merge": [{"name": 1, "value": 0}, {"name": 2, "value": 0}, {"name": 3, "value": 0}, {"name": 8, "value": 0}], "mergesort": [{"name": 4, "value": 0}, {"name": 5, "value": 0}, {"name": 6, "value": 0}, {"name": 7, "value": 0}, {"name": 9, "value": 0}]}}, "13": {"inp": [[3, 1, 1, 5]], "icnt": {"merge": [{"name": 1, "value": 0}, {"name": 2, "value": 0}, {"name": 3, "value": 0}, {"name": 8, "value": 0}], "mergesort": [{"name": 4, "value": 0}, {"name": 5, "value": 0}, {"name": 6, "value": 0}, {"name": 7, "value": 0}, {"name": 9, "value": 0}]}}, "14": {"inp": [[0, 0, 0, 0]], "icnt": {"merge": [{"name": 1, "value": 0}, {"name": 2, "value": 0}, {"name": 3, "value": 0}, {"name": 8, "value": 0}], "mergesort": [{"name": 4, "value": 0}, {"name": 5, "value": 0}, {"name": 6, "value": 0}, {"name": 7, "value": 0}, {"name": 9, "value": 0}]}}, "15": {"inp": [[2, 2, 2, 2, 2]], "icnt": {"merge": [{"name": 1, "value": 0}, {"name": 2, "value": 0}, {"name": 3, "value": 0}, {"name": 8, "value": 0}], "mergesort": [{"name": 4, "value": 0}, {"name": 5, "value": 0}, {"name": 6, "value": 0}, {"name": 7, "value": 0}, {"name": 9, "value": 0}]}}, "16": {"inp": [[42, 34, 23, 89, 12]], "icnt": {"merge": [{"name": 1, "value": 0}, {"name": 2, "value": 0}, {"name": 3, "value": 0}, {"name": 8, "value": 0}], "mergesort": [{"name": 4, "value": 0}, {"name": 5, "value": 0}, {"name": 6, "value": 0}, {"name": 7, "value": 0}, {"name": 9, "value": 0}]}}}, "failed": {"1": {"inp": [[1, 4, 1, 5, 3]], "icnt": {"merge": [{"name": 1, "value": 0}, {"name": 2, "value": 0}, {"name": 3, "value": 0}, {"name": 8, "value": 0}], "mergesort": [{"name": 4, "value": 0}, {"name": 5, "value": 0}, {"name": 6, "value": 0}, {"name": 7, "value": 0}, {"name": 9, "value": 0}]}}, "2": {"inp": [[8, 7, 9, 6, 2]], "icnt": {"merge": [{"name": 1, "value": 0}, {"name": 2, "value": 0}, {"name": 3, "value": 0}, {"name": 8, "value": 0}], "mergesort": [{"name": 4, "value": 0}, {"name": 5, "value": 0}, {"name": 6, "value": 0}, {"name": 7, "value": 0}, {"name": 9, "value": 0}]}}, "3": {"inp": [[-5, -3, -2, -1, -4]], "icnt": {"merge": [{"name": 1, "value": 0}, {"name": 2, "value": 0}, {"name": 3, "value": 0}, {"name": 8, "value": 0}], "mergesort": [{"name": 4, "value": 0}, {"name": 5, "value": 0}, {"name": 6, "value": 0}, {"name": 7, "value": 0}, {"name": 9, "value": 0}]}}, "4": {"inp": [[-3, 9, 5, -1, 7]], "icnt": {"merge": [{"name": 1, "value": 0}, {"name": 2, "value": 0}, {"name": 3, "value": 0}, {"name": 8, "value": 0}], "mergesort": [{"name": 4, "value": 0}, {"name": 5, "value": 0}, {"name": 6, "value": 0}, {"name": 7, "value": 0}, {"name": 9, "value": 0}]}}, "5": {"inp": [[-5, -100, -25, -50, -10]], "icnt": {"merge": [{"name": 1, "value": 0}, {"name": 2, "value": 0}, {"name": 3, "value": 0}, {"name": 8, "value": 0}], "mergesort": [{"name": 4, "value": 0}, {"name": 5, "value": 0}, {"name": 6, "value": 0}, {"name": 7, "value": 0}, {"name": 9, "value": 0}]}}, "6": {"inp": [[55, 44, 0, 99, 12]], "icnt": {"merge": [{"name": 1, "value": 0}, {"name": 2, "value": 0}, {"name": 3, "value": 0}, {"name": 8, "value": 0}], "mergesort": [{"name": 4, "value": 0}, {"name": 5, "value": 0}, {"name": 6, "value": 0}, {"name": 7, "value": 0}, {"name": 9, "value": 0}]}}, "7": {"inp": [[75, 23, 1, 100, 50]], "icnt": {"merge": [{"name": 1, "value": 0}, {"name": 2, "value": 0}, {"name": 3, "value": 0}, {"name": 8, "value": 0}], "mergesort": [{"name": 4, "value": 0}, {"name": 5, "value": 0}, {"name": 6, "value": 0}, {"name": 7, "value": 0}, {"name": 9, "value": 0}]}}, "8": {"inp": [[-22, -30, -15, -10, -8]], "icnt": {"merge": [{"name": 1, "value": 0}, {"name": 2, "value": 0}, {"name": 3, "value": 0}, {"name": 8, "value": 0}], "mergesort": [{"name": 4, "value": 0}, {"name": 5, "value": 0}, {"name": 6, "value": 0}, {"name": 7, "value": 0}, {"name": 9, "value": 0}]}}, "9": {"inp": [[9, 2, 8, 7]], "icnt": {"merge": [{"name": 1, "value": 0}, {"name": 2, "value": 0}, {"name": 3, "value": 0}, {"name": 8, "value": 0}], "mergesort": [{"name": 4, "value": 0}, {"name": 5, "value": 0}, {"name": 6, "value": 0}, {"name": 7, "value": 0}, {"name": 9, "value": 0}]}}, "10": {"inp": [[0, 1, 2, 3, 5]], "icnt": {"merge": [{"name": 1, "value": 0}, {"name": 2, "value": 0}, {"name": 3, "value": 0}, {"name": 8, "value": 0}], "mergesort": [{"name": 4, "value": 0}, {"name": 5, "value": 0}, {"name": 6, "value": 0}, {"name": 7, "value": 0}, {"name": 9, "value": 0}]}}, "11": {"inp": [[-1, -2, -4, -5]], "icnt": {"merge": [{"name": 1, "value": 0}, {"name": 2, "value": 0}, {"name": 3, "value": 0}, {"name": 8, "value": 0}], "mergesort": [{"name": 4, "value": 0}, {"name": 5, "value": 0}, {"name": 6, "value": 0}, {"name": 7, "value": 0}, {"name": 9, "value": 0}]}}, "12": {"inp": [[10, 3, 7, 2, 1]], "icnt": {"merge": [{"name": 1, "value": 0}, {"name": 2, "value": 0}, {"name": 3, "value": 0}, {"name": 8, "value": 0}], "mergesort": [{"name": 4, "value": 0}, {"name": 5, "value": 0}, {"name": 6, "value": 0}, {"name": 7, "value": 0}, {"name": 9, "value": 0}]}}, "13": {"inp": [[5, -3, 7, 9]], "icnt": {"merge": [{"name": 1, "value": 0}, {"name": 2, "value": 0}, {"name": 3, "value": 0}, {"name": 8, "value": 0}], "mergesort": [{"name": 4, "value": 0}, {"name": 5, "value": 0}, {"name": 6, "value": 0}, {"name": 7, "value": 0}, {"name": 9, "value": 0}]}}, "14": {"inp": [[1, -1, 1, -1, -1]], "icnt": {"merge": [{"name": 1, "value": 0}, {"name": 2, "value": 0}, {"name": 3, "value": 0}, {"name": 8, "value": 0}], "mergesort": [{"name": 4, "value": 0}, {"name": 5, "value": 0}, {"name": 6, "value": 0}, {"name": 7, "value": 0}, {"name": 9, "value": 0}]}}, "15": {"inp": [[4, 5, 6, 7, 8, 9, 1]], "icnt": {"merge": [{"name": 1, "value": 0}, {"name": 2, "value": 0}, {"name": 3, "value": 0}, {"name": 8, "value": 0}], "mergesort": [{"name": 4, "value": 0}, {"name": 5, "value": 0}, {"name": 6, "value": 0}, {"name": 7, "value": 0}, {"name": 9, "value": 0}]}}, "16": {"inp": [[23, 34, 12, 45, 56, 78, 89]], "icnt": {"merge": [{"name": 1, "value": 0}, {"name": 2, "value": 0}, {"name": 3, "value": 0}, {"name": 8, "value": 0}], "mergesort": [{"name": 4, "value": 0}, {"name": 5, "value": 0}, {"name": 6, "value": 0}, {"name": 7, "value": 0}, {"name": 9, "value": 0}]}}}}