{"mergesort": [], "mergesort.merge": [], "mergesort.mergesort": [], "mergesort.merge.<RETURN>": ["mergesort.merge.result"], "mergesort.merge.left": ["mergesort.mergesort.left"], "mergesort.merge.right": ["mergesort.mergesort.right"], "mergesort.merge.result": ["mergesort.merge.<list1>"], "mergesort.merge.i": [], "mergesort.merge.j": [], "mergesort.mergesort.<RETURN>": ["mergesort.mergesort.arr", "mergesort.merge.<RETURN>"], "mergesort.mergesort.arr": [], "mergesort.mergesort.middle": [], "mergesort.mergesort.left": ["mergesort.mergesort.<RETURN>"], "mergesort.mergesort.right": ["mergesort.mergesort.<RETURN>"], "mergesort.merge.<list1>": []}