{"circles_overlap": [], "circles_overlap.circle_overlap_status": [], "math": [], "circles_overlap.math": ["math"], "circles_overlap.circle_overlap_status.<RETURN>": [], "circles_overlap.circle_overlap_status.x1": [], "circles_overlap.circle_overlap_status.y1": [], "circles_overlap.circle_overlap_status.r1": [], "circles_overlap.circle_overlap_status.x2": [], "circles_overlap.circle_overlap_status.y2": [], "circles_overlap.circle_overlap_status.r2": [], "circles_overlap.circle_overlap_status.d": ["math.sqrt"], "math.sqrt": []}