{"passed": {"1": {"inp": [[784, 816, 848, 880]], "icnt": {"to_hex_digit": [{"name": 8, "value": 0}], "to_hex": [{"name": 1, "value": 0}, {"name": 2, "value": 0}, {"name": 9, "value": 0}], "list_to_hex": [{"name": 3, "value": 0}, {"name": 4, "value": 0}, {"name": 5, "value": 0}, {"name": 10, "value": 0}], "hex_conversion": [{"name": 6, "value": 0}, {"name": 7, "value": 0}, {"name": 11, "value": 0}]}}, "2": {"inp": [[4000, 8000, 12000, 16000]], "icnt": {"to_hex_digit": [{"name": 8, "value": 0}], "to_hex": [{"name": 1, "value": 0}, {"name": 2, "value": 0}, {"name": 9, "value": 0}], "list_to_hex": [{"name": 3, "value": 0}, {"name": 4, "value": 0}, {"name": 5, "value": 0}, {"name": 10, "value": 0}], "hex_conversion": [{"name": 6, "value": 0}, {"name": 7, "value": 0}, {"name": 11, "value": 0}]}}, "3": {"inp": [[544, 1248, 4096, 6240]], "icnt": {"to_hex_digit": [{"name": 8, "value": 0}], "to_hex": [{"name": 1, "value": 0}, {"name": 2, "value": 0}, {"name": 9, "value": 0}], "list_to_hex": [{"name": 3, "value": 0}, {"name": 4, "value": 0}, {"name": 5, "value": 0}, {"name": 10, "value": 0}], "hex_conversion": [{"name": 6, "value": 0}, {"name": 7, "value": 0}, {"name": 11, "value": 0}]}}, "4": {"inp": [[3, 5, 7, 9]], "icnt": {"to_hex_digit": [{"name": 8, "value": 0}], "to_hex": [{"name": 1, "value": 0}, {"name": 2, "value": 0}, {"name": 9, "value": 0}], "list_to_hex": [{"name": 3, "value": 0}, {"name": 4, "value": 0}, {"name": 5, "value": 0}, {"name": 10, "value": 0}], "hex_conversion": [{"name": 6, "value": 0}, {"name": 7, "value": 0}, {"name": 11, "value": 0}]}}, "5": {"inp": [[10, 5, 8, 3]], "icnt": {"to_hex_digit": [{"name": 8, "value": 0}], "to_hex": [{"name": 1, "value": 0}, {"name": 2, "value": 0}, {"name": 9, "value": 0}], "list_to_hex": [{"name": 3, "value": 0}, {"name": 4, "value": 0}, {"name": 5, "value": 0}, {"name": 10, "value": 0}], "hex_conversion": [{"name": 6, "value": 0}, {"name": 7, "value": 0}, {"name": 11, "value": 0}]}}, "6": {"inp": [[10, 17, 3, 6]], "icnt": {"to_hex_digit": [{"name": 8, "value": 0}], "to_hex": [{"name": 1, "value": 0}, {"name": 2, "value": 0}, {"name": 9, "value": 0}], "list_to_hex": [{"name": 3, "value": 0}, {"name": 4, "value": 0}, {"name": 5, "value": 0}, {"name": 10, "value": 0}], "hex_conversion": [{"name": 6, "value": 0}, {"name": 7, "value": 0}, {"name": 11, "value": 0}]}}, "7": {"inp": [[12, 5, 8, 11]], "icnt": {"to_hex_digit": [{"name": 8, "value": 0}], "to_hex": [{"name": 1, "value": 0}, {"name": 2, "value": 0}, {"name": 9, "value": 0}], "list_to_hex": [{"name": 3, "value": 0}, {"name": 4, "value": 0}, {"name": 5, "value": 0}, {"name": 10, "value": 0}], "hex_conversion": [{"name": 6, "value": 0}, {"name": 7, "value": 0}, {"name": 11, "value": 0}]}}, "8": {"inp": [[9, 16, 13, 6]], "icnt": {"to_hex_digit": [{"name": 8, "value": 0}], "to_hex": [{"name": 1, "value": 0}, {"name": 2, "value": 0}, {"name": 9, "value": 0}], "list_to_hex": [{"name": 3, "value": 0}, {"name": 4, "value": 0}, {"name": 5, "value": 0}, {"name": 10, "value": 0}], "hex_conversion": [{"name": 6, "value": 0}, {"name": 7, "value": 0}, {"name": 11, "value": 0}]}}, "9": {"inp": [[11, 3, 15, 10]], "icnt": {"to_hex_digit": [{"name": 8, "value": 0}], "to_hex": [{"name": 1, "value": 0}, {"name": 2, "value": 0}, {"name": 9, "value": 0}], "list_to_hex": [{"name": 3, "value": 0}, {"name": 4, "value": 0}, {"name": 5, "value": 0}, {"name": 10, "value": 0}], "hex_conversion": [{"name": 6, "value": 0}, {"name": 7, "value": 0}, {"name": 11, "value": 0}]}}, "10": {"inp": [[3, 5, 6, 8]], "icnt": {"to_hex_digit": [{"name": 8, "value": 0}], "to_hex": [{"name": 1, "value": 0}, {"name": 2, "value": 0}, {"name": 9, "value": 0}], "list_to_hex": [{"name": 3, "value": 0}, {"name": 4, "value": 0}, {"name": 5, "value": 0}, {"name": 10, "value": 0}], "hex_conversion": [{"name": 6, "value": 0}, {"name": 7, "value": 0}, {"name": 11, "value": 0}]}}, "11": {"inp": [[6, 8, 10, 11]], "icnt": {"to_hex_digit": [{"name": 8, "value": 0}], "to_hex": [{"name": 1, "value": 0}, {"name": 2, "value": 0}, {"name": 9, "value": 0}], "list_to_hex": [{"name": 3, "value": 0}, {"name": 4, "value": 0}, {"name": 5, "value": 0}, {"name": 10, "value": 0}], "hex_conversion": [{"name": 6, "value": 0}, {"name": 7, "value": 0}, {"name": 11, "value": 0}]}}}, "failed": {"1": {"inp": [[256, 480, 512, 768]], "icnt": {"to_hex_digit": [{"name": 8, "value": 0}], "to_hex": [{"name": 1, "value": 0}, {"name": 2, "value": 0}, {"name": 9, "value": 0}], "list_to_hex": [{"name": 3, "value": 0}, {"name": 4, "value": 0}, {"name": 5, "value": 0}, {"name": 10, "value": 0}], "hex_conversion": [{"name": 6, "value": 0}, {"name": 7, "value": 0}, {"name": 11, "value": 0}]}}, "2": {"inp": [[912, 944, 976, 1008]], "icnt": {"to_hex_digit": [{"name": 8, "value": 0}], "to_hex": [{"name": 1, "value": 0}, {"name": 2, "value": 0}, {"name": 9, "value": 0}], "list_to_hex": [{"name": 3, "value": 0}, {"name": 4, "value": 0}, {"name": 5, "value": 0}, {"name": 10, "value": 0}], "hex_conversion": [{"name": 6, "value": 0}, {"name": 7, "value": 0}, {"name": 11, "value": 0}]}}, "3": {"inp": [[272, 304, 336, 368]], "icnt": {"to_hex_digit": [{"name": 8, "value": 0}], "to_hex": [{"name": 1, "value": 0}, {"name": 2, "value": 0}, {"name": 9, "value": 0}], "list_to_hex": [{"name": 3, "value": 0}, {"name": 4, "value": 0}, {"name": 5, "value": 0}, {"name": 10, "value": 0}], "hex_conversion": [{"name": 6, "value": 0}, {"name": 7, "value": 0}, {"name": 11, "value": 0}]}}, "4": {"inp": [[112, 144, 16, 48]], "icnt": {"to_hex_digit": [{"name": 8, "value": 0}], "to_hex": [{"name": 1, "value": 0}, {"name": 2, "value": 0}, {"name": 9, "value": 0}], "list_to_hex": [{"name": 3, "value": 0}, {"name": 4, "value": 0}, {"name": 5, "value": 0}, {"name": 10, "value": 0}], "hex_conversion": [{"name": 6, "value": 0}, {"name": 7, "value": 0}, {"name": 11, "value": 0}]}}, "5": {"inp": [[112, 128, 144, 160]], "icnt": {"to_hex_digit": [{"name": 8, "value": 0}], "to_hex": [{"name": 1, "value": 0}, {"name": 2, "value": 0}, {"name": 9, "value": 0}], "list_to_hex": [{"name": 3, "value": 0}, {"name": 4, "value": 0}, {"name": 5, "value": 0}, {"name": 10, "value": 0}], "hex_conversion": [{"name": 6, "value": 0}, {"name": 7, "value": 0}, {"name": 11, "value": 0}]}}, "6": {"inp": [[16, 32, 48, 64]], "icnt": {"to_hex_digit": [{"name": 8, "value": 0}], "to_hex": [{"name": 1, "value": 0}, {"name": 2, "value": 0}, {"name": 9, "value": 0}], "list_to_hex": [{"name": 3, "value": 0}, {"name": 4, "value": 0}, {"name": 5, "value": 0}, {"name": 10, "value": 0}], "hex_conversion": [{"name": 6, "value": 0}, {"name": 7, "value": 0}, {"name": 11, "value": 0}]}}, "7": {"inp": [[720, 1072, 1424, 368]], "icnt": {"to_hex_digit": [{"name": 8, "value": 0}], "to_hex": [{"name": 1, "value": 0}, {"name": 2, "value": 0}, {"name": 9, "value": 0}], "list_to_hex": [{"name": 3, "value": 0}, {"name": 4, "value": 0}, {"name": 5, "value": 0}, {"name": 10, "value": 0}], "hex_conversion": [{"name": 6, "value": 0}, {"name": 7, "value": 0}, {"name": 11, "value": 0}]}}, "8": {"inp": [[192, 384, 576, 768]], "icnt": {"to_hex_digit": [{"name": 8, "value": 0}], "to_hex": [{"name": 1, "value": 0}, {"name": 2, "value": 0}, {"name": 9, "value": 0}], "list_to_hex": [{"name": 3, "value": 0}, {"name": 4, "value": 0}, {"name": 5, "value": 0}, {"name": 10, "value": 0}], "hex_conversion": [{"name": 6, "value": 0}, {"name": 7, "value": 0}, {"name": 11, "value": 0}]}}, "9": {"inp": [[1616, 3232, 4848, 6464]], "icnt": {"to_hex_digit": [{"name": 8, "value": 0}], "to_hex": [{"name": 1, "value": 0}, {"name": 2, "value": 0}, {"name": 9, "value": 0}], "list_to_hex": [{"name": 3, "value": 0}, {"name": 4, "value": 0}, {"name": 5, "value": 0}, {"name": 10, "value": 0}], "hex_conversion": [{"name": 6, "value": 0}, {"name": 7, "value": 0}, {"name": 11, "value": 0}]}}, "10": {"inp": [[48, 96, 144, 192]], "icnt": {"to_hex_digit": [{"name": 8, "value": 0}], "to_hex": [{"name": 1, "value": 0}, {"name": 2, "value": 0}, {"name": 9, "value": 0}], "list_to_hex": [{"name": 3, "value": 0}, {"name": 4, "value": 0}, {"name": 5, "value": 0}, {"name": 10, "value": 0}], "hex_conversion": [{"name": 6, "value": 0}, {"name": 7, "value": 0}, {"name": 11, "value": 0}]}}, "11": {"inp": [[13, 2, 16, 8]], "icnt": {"to_hex_digit": [{"name": 8, "value": 0}], "to_hex": [{"name": 1, "value": 0}, {"name": 2, "value": 0}, {"name": 9, "value": 0}], "list_to_hex": [{"name": 3, "value": 0}, {"name": 4, "value": 0}, {"name": 5, "value": 0}, {"name": 10, "value": 0}], "hex_conversion": [{"name": 6, "value": 0}, {"name": 7, "value": 0}, {"name": 11, "value": 0}]}}}}