{"hex_conversion": [], "hex_conversion.to_hex_digit": [], "hex_conversion.to_hex": [], "hex_conversion.list_to_hex": [], "hex_conversion.hex_conversion": [], "hex_conversion.to_hex_digit.<RETURN>": [], "hex_conversion.to_hex_digit.x": ["hex_conversion.to_hex.x"], "hex_conversion.to_hex_digit.hex_map": ["hex_conversion.to_hex_digit.<dict1>"], "hex_conversion.to_hex.<RETURN>": ["hex_conversion.to_hex.hex_str"], "hex_conversion.to_hex.n": ["hex_conversion.to_hex.n"], "hex_conversion.to_hex.hex_str": ["hex_conversion.to_hex_digit.<RETURN>"], "hex_conversion.to_hex.x": ["hex_conversion.to_hex.n"], "hex_conversion.list_to_hex.<RETURN>": ["hex_conversion.list_to_hex.results"], "hex_conversion.list_to_hex.decimal_nums": ["hex_conversion.hex_conversion.validated_nums"], "hex_conversion.list_to_hex.results": ["hex_conversion.list_to_hex.<list1>"], "hex_conversion.list_to_hex.num": ["hex_conversion.hex_conversion.<list1>", "hex_conversion.hex_conversion.validated_nums"], "hex_conversion.hex_conversion.<RETURN>": ["hex_conversion.list_to_hex.<RETURN>"], "hex_conversion.hex_conversion.decimal_nums": [], "hex_conversion.hex_conversion.validated_nums": ["hex_conversion.hex_conversion.<list1>"], "hex_conversion.hex_conversion.num": ["hex_conversion.hex_conversion.decimal_nums"], "hex_conversion.to_hex_digit.<dict1>": [], "hex_conversion.to_hex_digit.<dict1>.<int0>": [], "hex_conversion.to_hex_digit.<dict1>.<int1>": [], "hex_conversion.to_hex_digit.<dict1>.<int2>": [], "hex_conversion.to_hex_digit.<dict1>.<int3>": [], "hex_conversion.to_hex_digit.<dict1>.<int4>": [], "hex_conversion.to_hex_digit.<dict1>.<int5>": [], "hex_conversion.to_hex_digit.<dict1>.<int6>": [], "hex_conversion.to_hex_digit.<dict1>.<int7>": [], "hex_conversion.to_hex_digit.<dict1>.<int8>": [], "hex_conversion.to_hex_digit.<dict1>.<int9>": [], "hex_conversion.to_hex_digit.<dict1>.<int10>": [], "hex_conversion.to_hex_digit.<dict1>.<int11>": [], "hex_conversion.to_hex_digit.<dict1>.<int12>": [], "hex_conversion.to_hex_digit.<dict1>.<int13>": [], "hex_conversion.to_hex_digit.<dict1>.<int14>": [], "hex_conversion.to_hex_digit.<dict1>.<int15>": [], "hex_conversion.list_to_hex.<list1>": [], "hex_conversion.hex_conversion.<list1>": []}