{"passed": {"1": {"inp": [1], "icnt": {"equilateral_area": [{"name": 1, "value": 0}, {"name": 2, "value": 0}, {"name": 3, "value": 0}]}}, "2": {"inp": [0], "icnt": {"equilateral_area": [{"name": 1, "value": 0}, {"name": 2, "value": 0}, {"name": 3, "value": 0}]}}, "3": {"inp": [1.0], "icnt": {"equilateral_area": [{"name": 1, "value": 0}, {"name": 2, "value": 0}, {"name": 3, "value": 0}]}}, "4": {"inp": [0.0], "icnt": {"equilateral_area": [{"name": 1, "value": 0}, {"name": 2, "value": 0}, {"name": 3, "value": 0}]}}, "5": {"inp": [1e-10], "icnt": {"equilateral_area": [{"name": 1, "value": 0}, {"name": 2, "value": 0}, {"name": 3, "value": 0}]}}, "6": {"inp": [1e-07], "icnt": {"equilateral_area": [{"name": 1, "value": 0}, {"name": 2, "value": 0}, {"name": 3, "value": 0}]}}, "7": {"inp": [0.1], "icnt": {"equilateral_area": [{"name": 1, "value": 0}, {"name": 2, "value": 0}, {"name": 3, "value": 0}]}}, "8": {"inp": [0.01], "icnt": {"equilateral_area": [{"name": 1, "value": 0}, {"name": 2, "value": 0}, {"name": 3, "value": 0}]}}, "9": {"inp": [1e-09], "icnt": {"equilateral_area": [{"name": 1, "value": 0}, {"name": 2, "value": 0}, {"name": 3, "value": 0}]}}, "10": {"inp": [1.0000001], "icnt": {"equilateral_area": [{"name": 1, "value": 0}, {"name": 2, "value": 0}, {"name": 3, "value": 0}]}}}, "failed": {"1": {"inp": [2], "icnt": {"equilateral_area": [{"name": 1, "value": 0}, {"name": 2, "value": 0}, {"name": 3, "value": 0}]}}, "2": {"inp": [3], "icnt": {"equilateral_area": [{"name": 1, "value": 0}, {"name": 2, "value": 0}, {"name": 3, "value": 0}]}}, "3": {"inp": [4], "icnt": {"equilateral_area": [{"name": 1, "value": 0}, {"name": 2, "value": 0}, {"name": 3, "value": 0}]}}, "4": {"inp": [5], "icnt": {"equilateral_area": [{"name": 1, "value": 0}, {"name": 2, "value": 0}, {"name": 3, "value": 0}]}}, "5": {"inp": [6], "icnt": {"equilateral_area": [{"name": 1, "value": 0}, {"name": 2, "value": 0}, {"name": 3, "value": 0}]}}, "6": {"inp": [7], "icnt": {"equilateral_area": [{"name": 1, "value": 0}, {"name": 2, "value": 0}, {"name": 3, "value": 0}]}}, "7": {"inp": [8], "icnt": {"equilateral_area": [{"name": 1, "value": 0}, {"name": 2, "value": 0}, {"name": 3, "value": 0}]}}, "8": {"inp": [9], "icnt": {"equilateral_area": [{"name": 1, "value": 0}, {"name": 2, "value": 0}, {"name": 3, "value": 0}]}}, "9": {"inp": [10], "icnt": {"equilateral_area": [{"name": 1, "value": 0}, {"name": 2, "value": 0}, {"name": 3, "value": 0}]}}, "10": {"inp": [1.5], "icnt": {"equilateral_area": [{"name": 1, "value": 0}, {"name": 2, "value": 0}, {"name": 3, "value": 0}]}}}}